<?xml version="1.0" encoding="UTF-8"?>
<project-private xmlns="http://www.netbeans.org/ns/project-private/1">
    <editor-bookmarks xmlns="http://www.netbeans.org/ns/editor-bookmarks/2" lastBookmarkId="0"/>
    <open-files xmlns="http://www.netbeans.org/ns/projectui-open-files/2">
        <group>
            <file>file:/E:/JAVA/penjualanelektronikrima/src/penjualanelektronik/formlogin.java</file>
            <file>file:/E:/JAVA/penjualanelektronikrima/src/penjualanelektronik/formbeli.java</file>
            <file>file:/E:/JAVA/penjualanelektronikrima/src/penjualanelektronik/formlaporan.java</file>
            <file>file:/E:/JAVA/penjualanelektronikrima/src/penjualanelektronik/formregister.java</file>
            <file>file:/E:/JAVA/penjualanelektronikrima/src/penjualanelektronik/forminputbarang.java</file>
            <file>file:/E:/JAVA/penjualanelektronikrima/src/penjualanelektronik/formmenu.java</file>
        </group>
    </open-files>
</project-private>
